Artist,acquired_work_count,percent,Nat_clean,gender_group
Eugène Atget,4990,0.4099572790009859,French,Male
Edward Steichen,235,0.019306605323693722,American,Male
Unidentified photographer,228,0.018731514952349655,n/a,Other
Eadweard J. Muybridge,203,0.016677620768977983,American,Male
Alfred Capel Cure,180,0.014788038120276044,British,Male
Lee Friedlander,179,0.014705882352941176,American,Male
William Eggleston,172,0.014130791981597108,American,Male
Walker Evans,168,0.013802168912257641,American,Male
Ansel Adams,140,0.011501807426881366,American,Male
Francis Frith,125,0.010269470916858363,British,Male
Man Ray (Emmanuel Radnitzky),121,0.009940847847518896,American,Male
Edward Weston,107,0.008790667104830759,American,Male
Aaron Siskind,103,0.00846204403549129,American,Male
Paul Strand,89,0.007311863292803155,American,Male
Harry Callahan,79,0.006490305619454486,American,Male
Wayne Miller,79,0.006490305619454486,American,Male
Alfred Stieglitz,73,0.005997371015445284,American,Male
Thomas Roma,69,0.005668747946105817,American,Male
Berenice Abbott,69,0.005668747946105817,American,Female
Dorothea Lange,67,0.005504436411436083,American,Female
Henri Cartier-Bresson,65,0.005340124876766349,French,Male
Nicholas Nixon,62,0.005093657574761748,American,Male
Rudy Burckhardt,60,0.004929346040092014,American,Male
Jan Groover,52,0.004272099901413079,American,Female
Thomas Annan,51,0.004189944134078212,British,Male
Clarence H. White,50,0.004107788366743345,American,Male
Brassaï (Gyula Halász),46,0.0037791652974038777,French,Male
Lucas Samaras,46,0.0037791652974038777,American,Male
Brett Weston,45,0.003697009530069011,American,Male
Mathew B. Brady (studio of),45,0.003697009530069011,American,Male
Eugene Buechel,42,0.0034505422280644103,American,Male
Jacques-Henri Lartigue,42,0.0034505422280644103,French,Male
Robert Heinecken,41,0.003368386460729543,American,Male
Helen Levitt,41,0.003368386460729543,American,Female
Clarence Kennedy,37,0.0030397633913900757,American,Male
William Klein,37,0.0030397633913900757,American,Male
Margaret Bourke-White,34,0.002793296089385475,American,Female
Ernest J. Bellocq,33,0.002711140322050608,American,Male
Melissa Shook,33,0.002711140322050608,American,Female
Imogen Cunningham,32,0.0026289845547157412,American,Female
Bill Brandt,30,0.002464673020046007,British,Male
George Platt Lynes,30,0.002464673020046007,American,Male
Johann Hahn,30,0.002464673020046007,German,Male
Garry Winogrand,29,0.0023825172527111404,American,Male
Robert Adams,29,0.0023825172527111404,American,Male
Cedric Wright,28,0.0023003614853762734,American,Male
Frederick Sommer,28,0.0023003614853762734,American,Male
Gustave Le Gray,28,0.0023003614853762734,French,Male
Aleksandr Rodchenko,28,0.0023003614853762734,Russian,Male
John Schott,27,0.0022182057180414067,American,Male
William James Stillman,27,0.0022182057180414067,American,Male
Stuart Klipper,26,0.0021360499507065396,American,Male
Gertrude Käsebier,26,0.0021360499507065396,American,Female
Tod Papageorge,25,0.0020538941833716726,American,Male
Bill Arnold,25,0.0020538941833716726,American,Male
John B. Greene,25,0.0020538941833716726,American,Male
Ken Domon,25,0.0020538941833716726,Japanese,Male
Thomas Struth,25,0.0020538941833716726,German,Male
Dan Weiner,24,0.001971738416036806,American,Male
Larry Fink,24,0.001971738416036806,American,Male
"Rudolf Schwarzkogler, Ludwig Hoffenreich",24,0.001971738416036806,Austrian,Male
Minor White,24,0.001971738416036806,American,Male
Paul L. Anderson,24,0.001971738416036806,American,Male
Arthur Rothstein,23,0.0018895826487019388,American,Male
Robert Cumming,23,0.0018895826487019388,American,Male
Yasuhiro Ishimoto,23,0.0018895826487019388,Japanese,Male
John Coplans,22,0.001807426881367072,British,Male
Manuel Álvarez Bravo,22,0.001807426881367072,Mexican,Male
Harold Eugene Edgerton,22,0.001807426881367072,American,Male
Lewis Wickes Hine,22,0.001807426881367072,American,Male
Tina Modotti,21,0.0017252711140322051,Italian,Female
Wynn Bullock,21,0.0017252711140322051,American,Male
Felice Beato,21,0.0017252711140322051,Italian,Male
Charles Reutlinger,21,0.0017252711140322051,French,Male
Diane Arbus,21,0.0017252711140322051,American,Female
Clarence John Laughlin,20,0.001643115346697338,American,Male
Richard Avedon,20,0.001643115346697338,American,Male
Jacob August Riis,20,0.001643115346697338,American,Male
Robert Frank,19,0.0015609595793624712,American,Male
John Paul Edwards,19,0.0015609595793624712,American,Male
Lou Stoumen,19,0.0015609595793624712,American,Male
Ben Shahn,19,0.0015609595793624712,American,Male
William Gedney,19,0.0015609595793624712,American,Male
Russell Lee,18,0.0014788038120276043,American,Male
"Lee Friedlander, Jim Dine",18,0.0014788038120276043,American,Male
Stephen Shore,18,0.0014788038120276043,American,Male
Josef Koudelka,18,0.0014788038120276043,Czech,Male
Larry Clark,18,0.0014788038120276043,American,Male
Arnold Newman,18,0.0014788038120276043,American,Male
Darius Kinsey,18,0.0014788038120276043,American,Male
Edward Curtis,18,0.0014788038120276043,American,Male
Tina Barney,17,0.0013966480446927375,American,Female
Bruce Davidson,17,0.0013966480446927375,American,Male
Boris Mikhailov,17,0.0013966480446927375,Ukrainian,Male
"Louis-Auguste Bisson, Auguste-Rosalie Bisson",16,0.0013144922773578706,French,Male
Irving Penn,16,0.0013144922773578706,American,Male
Frank Gohlke,16,0.0013144922773578706,American,Male
Nadar (Gaspard-Félix Tournachon),16,0.0013144922773578706,French,Male
André-Adolphe-Eugène Disdéri,15,0.0012323365100230035,French,Male
Judith Joy Ross,15,0.0012323365100230035,American,Female
Luke Swank,15,0.0012323365100230035,American,Male
Barbara Morgan,15,0.0012323365100230035,American,Female
Ken Heyman,15,0.0012323365100230035,American,Male
Mark Cohen,15,0.0012323365100230035,American,Male
"Henry Wessel, Jr.",14,0.0011501807426881367,American,Male
Jay Leyda,14,0.0011501807426881367,American,Male
Weegee (Arthur Fellig),14,0.0011501807426881367,American,Male
Paul Vanderbilt,14,0.0011501807426881367,American,Male
"Rudolf Schwarzkogler, Franziska Krammel",14,0.0011501807426881367,Austrian,Other
André Kertész,14,0.0011501807426881367,American,Male
William Wegman,13,0.0010680249753532698,American,Male
David Vestal,13,0.0010680249753532698,American,Male
John G. Bullock,13,0.0010680249753532698,American,Male
Philip-Lorca diCorcia,13,0.0010680249753532698,American,Male
Emmy Andriesse,13,0.0010680249753532698,Dutch,Female
Andreas Feininger,13,0.0010680249753532698,American,Male
Francis Bedford,13,0.0010680249753532698,British,Male
Louis Faurer,13,0.0010680249753532698,American,Male
Leon Levinstein,12,0.000985869208018403,American,Male
Emmet Gowin,12,0.000985869208018403,American,Male
Mark Steinmetz,12,0.000985869208018403,American,Male
Shigeru Tamura,12,0.000985869208018403,Japanese,Male
Danny Lyon,12,0.000985869208018403,American,Male
Henry Hamilton Bennett,12,0.000985869208018403,American,Male
Robert Macpherson,11,0.000903713440683536,British,Male
Ikko (Ikko Narahara),11,0.000903713440683536,Japanese,Male
"Rudolf Schwarzkogler, Ludwig Hoffenreich, Walter Kindler",11,0.000903713440683536,Austrian,Male
Joan Lyons,11,0.000903713440683536,American,Female
Dave Heath,11,0.000903713440683536,American,Male
Lisette Model,11,0.000903713440683536,American,Female
"Rudolf Schwarzkogler, Michael Epp",11,0.000903713440683536,Austrian,Male
Arnold Genthe,11,0.000903713440683536,American,Male
Jerome Liebling,11,0.000903713440683536,American,Male
George A. Tice,11,0.000903713440683536,American,Male
John Hillers,10,0.000821557673348669,American,Male
Zeke Berman,10,0.000821557673348669,American,Male
Lois Conner,10,0.000821557673348669,American,Female
Joel Meyerowitz,10,0.000821557673348669,American,Male
Ryoji Akiyama,10,0.000821557673348669,Japanese,Male
Rogi André (Rozsa Klein),10,0.000821557673348669,Hungarian,Female
Henri Le Secq,9,0.0007394019060138022,French,Male
Ralph Gibson,9,0.0007394019060138022,American,Male
F. A. Renard,9,0.0007394019060138022,French,Other
Igor Moukhin,9,0.0007394019060138022,Russian,Male
David T. Hanson,9,0.0007394019060138022,American,Male
W. Eugene Smith,9,0.0007394019060138022,American,Male
Alvin Langdon Coburn,9,0.0007394019060138022,American,Male
Adolf De Meyer,9,0.0007394019060138022,German,Male
Pierre Petit,9,0.0007394019060138022,French,Male
Philip Elliott,9,0.0007394019060138022,American,Male
Joseph Breitenbach,9,0.0007394019060138022,American,Male
Masatoshi Naitoh,9,0.0007394019060138022,Japanese,Male
Roger Fenton,9,0.0007394019060138022,British,Male
Mary E. Frey,9,0.0007394019060138022,American,Female
Albert Renger-Patzsch,9,0.0007394019060138022,German,Male
"Eduardo Del Valle, Mirta Gómez",8,0.0006572461386789353,American,Other
D. Constantin,8,0.0006572461386789353,Greek,Male
Ernst Haas,8,0.0006572461386789353,American,Male
Masahisa Fukase,8,0.0006572461386789353,Japanese,Male
Étienne Carjat,8,0.0006572461386789353,French,Male
William Clift,8,0.0006572461386789353,American,Male
Elaine Mayes,8,0.0006572461386789353,American,Female
László Moholy-Nagy,8,0.0006572461386789353,American,Male
Joel Sternfeld,8,0.0006572461386789353,American,Male
Adrian Siegel,8,0.0006572461386789353,American,Male
Gosbert Adler,8,0.0006572461386789353,German,Male
Hiromi Tsuchida,8,0.0006572461386789353,Japanese,Male
Alexander Slussarev,8,0.0006572461386789353,Russian,Male
Bradford Washburn,8,0.0006572461386789353,American,Male
Julia Margaret Cameron,8,0.0006572461386789353,British,Female
William Henry Jackson,8,0.0006572461386789353,American,Male
John Vachon,7,0.0005750903713440683,American,Male
William A. Garnett,7,0.0005750903713440683,American,Male
Tetsuya Ichimura,7,0.0005750903713440683,Japanese,Male
Ted Croner,7,0.0005750903713440683,American,Male
Jim Goldberg,7,0.0005750903713440683,American,Male
Sheron Rupp,7,0.0005750903713440683,American,Female
Hans Brand,7,0.0005750903713440683,German,Male
Kosti Ruohomaa,7,0.0005750903713440683,American,Male
Charles Sheeler,7,0.0005750903713440683,American,Male
Dorothy Norman,7,0.0005750903713440683,American,Female
Gilles Peress,7,0.0005750903713440683,French,Male
Peter Hujar,7,0.0005750903713440683,American,Male
Joan Fontcuberta,7,0.0005750903713440683,Spanish,Male
Roy DeCarava,7,0.0005750903713440683,American,Male
Ken Josephson,7,0.0005750903713440683,American,Male
Bernard Hoffman,7,0.0005750903713440683,American,Male
Martín Chambi,7,0.0005750903713440683,Peruvian,Male
Bruce Horowitz,7,0.0005750903713440683,American,Male
O. Winston Link,6,0.0004929346040092015,American,Male
Ferdinand Mulnier,6,0.0004929346040092015,French,Male
Roger Mertin,6,0.0004929346040092015,American,Male
Jindrich Streit,6,0.0004929346040092015,Czech,Male
Félix Thiollier,6,0.0004929346040092015,French,Male
Eliot Elisofon,6,0.0004929346040092015,American,Male
August Sander,6,0.0004929346040092015,German,Male
Paul Outerbridge,6,0.0004929346040092015,American,Male
Shirley C. Burden,6,0.0004929346040092015,American,Male
William Christenberry,6,0.0004929346040092015,American,Male
Georgi Zelma,6,0.0004929346040092015,Russian,Male
Geoff Winningham,6,0.0004929346040092015,American,Male
Seiichi Furuya,6,0.0004929346040092015,Japanese,Male
Chris Killip,6,0.0004929346040092015,British,Male
Robert Capa,6,0.0004929346040092015,American,Male
Rosalind Fox Solomon,6,0.0004929346040092015,American,Female
David Marshall Graham,6,0.0004929346040092015,American,Male
David Douglas Duncan,6,0.0004929346040092015,American,Male
John Harding,6,0.0004929346040092015,American,Male
George C. Cox,6,0.0004929346040092015,American,Male
Wright Morris,6,0.0004929346040092015,American,Male
Ilse Bing,6,0.0004929346040092015,American,Female
Paul Caponigro,6,0.0004929346040092015,American,Male
Richard Benson,6,0.0004929346040092015,American,Male
Paul A. McDonough,6,0.0004929346040092015,American,Male
Edward Ranney,6,0.0004929346040092015,American,Male
Henri Plaut,6,0.0004929346040092015,French,Male
George Washington Wilson,5,0.0004107788366743345,British,Male
Constantin Brâncuși,5,0.0004107788366743345,French,Male
Lewis Baltz,5,0.0004107788366743345,American,Male
Charles Pratt,5,0.0004107788366743345,American,Male
Baldwin S. Lee,5,0.0004107788366743345,American,Male
William G. Larson,5,0.0004107788366743345,American,Male
Ray K. Metzker,5,0.0004107788366743345,American,Male
Homer Page,5,0.0004107788366743345,American,Male
S. L. Levitsky,5,0.0004107788366743345,French,Male
Pierre-Louis Pierson,5,0.0004107788366743345,French,Male
Joe Deal,5,0.0004107788366743345,American,Male
Cindy Sherman,5,0.0004107788366743345,American,Female
Gjon Mili,5,0.0004107788366743345,American,Male
Yoshio Watanabe,5,0.0004107788366743345,Japanese,Male
Gordon Parks,5,0.0004107788366743345,American,Male
Arnold von Borsig,5,0.0004107788366743345,German,Male
Vincent Borrelli,5,0.0004107788366743345,American,Male
"Robert F. Sheehan, 3rd",5,0.0004107788366743345,American,Male
John Thomson,5,0.0004107788366743345,British,Male
Reed Estabrook,5,0.0004107788366743345,American,Male
Zofia Rydet,5,0.0004107788366743345,Polish,Female
"David Octavius Hill, Robert Adamson",5,0.0004107788366743345,British,Male
Charles H. Breed,5,0.0004107788366743345,American,Male
Vladimir Syomin,5,0.0004107788366743345,Russian,Male
Ken Graves,5,0.0004107788366743345,American,Male
David Levinthal,5,0.0004107788366743345,American,Male
Duane Michals,5,0.0004107788366743345,American,Male
Édouard-Denis Baldus,5,0.0004107788366743345,French,Male
Lucien Clergue,4,0.00032862306933946765,French,Male
"Prefecture of Police, Paris",4,0.00032862306933946765,n/a,Other
Gabriel Orozco,4,0.00032862306933946765,Mexican,Male
Auguste Salzmann,4,0.00032862306933946765,French,Male
Heinrich Kühn,4,0.00032862306933946765,German,Male
Gary Stephen Brotmeyer,4,0.00032862306933946765,American,Male
Peter H. Buckley,4,0.00032862306933946765,American,Male
Antoine Samuel Adam-Salomon,4,0.00032862306933946765,French,Male
Antonio Reynoso,4,0.00032862306933946765,Mexican,Male
Brian Wood,4,0.00032862306933946765,Canadian,Male
Kirill Rozhdestvenskii,4,0.00032862306933946765,Russian,Male
Gay Block,4,0.00032862306933946765,American,Female
Eliot Porter,4,0.00032862306933946765,American,Male
George Woodman,4,0.00032862306933946765,American,Male
William Anastasi,4,0.00032862306933946765,American,Male
Kurt W. Baasch,4,0.00032862306933946765,American,Male
Bishin Jumonji,4,0.00032862306933946765,Japanese,Male
Nicolas Faure,4,0.00032862306933946765,Swiss,Male
JoAnn Verburg,4,0.00032862306933946765,American,Female
James Robertson,4,0.00032862306933946765,British,Male
Terry Husebye,4,0.00032862306933946765,American,Male
Thomas Florschuetz,4,0.00032862306933946765,German,Male
John Divola,4,0.00032862306933946765,American,Male
Eva Lipman,4,0.00032862306933946765,American,Female
Andreas Gursky,4,0.00032862306933946765,German,Male
Philippe Halsman,4,0.00032862306933946765,American,Male
Robert Flynt,4,0.00032862306933946765,American,Male
Thomas Tulis,4,0.00032862306933946765,American,Male
Naomi Savage,4,0.00032862306933946765,American,Female
Charles Nègre,4,0.00032862306933946765,French,Male
Robert J. Bingham,4,0.00032862306933946765,British,Male
Josef Sudek,4,0.00032862306933946765,Czech,Male
David Wing,4,0.00032862306933946765,American,Male
Gregory Conniff,4,0.00032862306933946765,American,Male
Jerry Schatzberg,4,0.00032862306933946765,American,Male
Pierre Betz,4,0.00032862306933946765,French,Male
Eugen Wiskovsky,4,0.00032862306933946765,Czech,Male
George H. Seeley,4,0.00032862306933946765,American,Male
Doug Dubois,4,0.00032862306933946765,American,Male
Christer Strömholm,4,0.00032862306933946765,Swedish,Male
Eikoh Hosoe,4,0.00032862306933946765,Japanese,Male
Michael Sigrin,4,0.00032862306933946765,American,Male
Chauncey Hare,4,0.00032862306933946765,American,Male
U.S. Army Signal Corps,4,0.00032862306933946765,American,Other
Toshio Shibata,4,0.00032862306933946765,Japanese,Male
Martin Parr,4,0.00032862306933946765,British,Male
William Henry Fox Talbot,4,0.00032862306933946765,British,Male
Francis Bruguière,4,0.00032862306933946765,American,Male
Richard Kalvar,4,0.00032862306933946765,American,Male
Theodore Lux Feininger,4,0.00032862306933946765,American,Male
Geoffrey Biddle,4,0.00032862306933946765,American,Male
Burk Uzzle,4,0.00032862306933946765,American,Male
Dornac (Paul François Arnold Cardon),4,0.00032862306933946765,French,Male
Birney Imes III,4,0.00032862306933946765,American,Male
"Maurice Loewy, Pierre Henri Puiseux",4,0.00032862306933946765,French,Male
Roy Colmer,4,0.00032862306933946765,British,Male
Paul D'Amato,4,0.00032862306933946765,American,Male
"Melissa Shook, Krissy Clegg",4,0.00032862306933946765,American,Female
Sid Grossman,4,0.00032862306933946765,American,Male
Lennart Olson,3,0.00024646730200460074,Swedish,Male
David Wojnarowicz,3,0.00024646730200460074,American,Male
Michael Spano,3,0.00024646730200460074,American,Male
Seydou Keïta,3,0.00024646730200460074,Malian,Male
Hans Bellmer,3,0.00024646730200460074,German,Male
Nancy Rexroth,3,0.00024646730200460074,American,Female
Elliott Erwitt,3,0.00024646730200460074,American,Male
Claudia Andujar,3,0.00024646730200460074,American,Female
Peter Campus,3,0.00024646730200460074,American,Male
Mitch Epstein,3,0.00024646730200460074,American,Male
Erwin Blumenfeld,3,0.00024646730200460074,German,Male
Cornell Capa,3,0.00024646730200460074,American,Male
Abelardo Morell,3,0.00024646730200460074,American,Male
William K. Greiner,3,0.00024646730200460074,American,Male
Ernest Cole,3,0.00024646730200460074,South African,Male
Marc Riboud,3,0.00024646730200460074,French,Male
Paul Graham,3,0.00024646730200460074,British,Male
Le Jeune,3,0.00024646730200460074,French,Other
Richard Kleinberg,3,0.00024646730200460074,American,Male
Adolphe Braun,3,0.00024646730200460074,French,Male
Florence Henri,3,0.00024646730200460074,Swiss,Female
Nicholas Ház,3,0.00024646730200460074,American,Male
Camille Bernabé,3,0.00024646730200460074,French,Male
Willard Worden,3,0.00024646730200460074,American,Male
Robert Doisneau,3,0.00024646730200460074,French,Male
Franck,3,0.00024646730200460074,French,Male
Roman Vishniac,3,0.00024646730200460074,American,Male
Murray Riss,3,0.00024646730200460074,American,Male
James Bartlett Rich,3,0.00024646730200460074,American,Male
Todd Webb,3,0.00024646730200460074,American,Male
Henry F. Swift,3,0.00024646730200460074,American,Male
Ed van Der Elsken,3,0.00024646730200460074,Dutch,Male
Jerry L. Thompson,3,0.00024646730200460074,American,Male
Reagan Louie,3,0.00024646730200460074,American,Male
Emile Bondonneau,3,0.00024646730200460074,French,Male
Joseph Bellanca,3,0.00024646730200460074,American,Male
Chester Eisenhuth,3,0.00024646730200460074,American,Male
Benno Friedman,3,0.00024646730200460074,American,Male
Heinz Hajek-Halke,3,0.00024646730200460074,German,Male
Cecil Beaton,3,0.00024646730200460074,British,Male
Merry Alpern,3,0.00024646730200460074,American,Female
Hans Hammarskiold,3,0.00024646730200460074,Swedish,Male
W. Grancel Fitz,3,0.00024646730200460074,American,Male
David Octavius Hill,3,0.00024646730200460074,British,Male
Jeffrey Silverthorne,3,0.00024646730200460074,American,Male
James Valentine,3,0.00024646730200460074,British,Male
Patrick Faigenbaum,3,0.00024646730200460074,French,Male
Southworth and Hawes,3,0.00024646730200460074,American,Other
Eugene Richards,3,0.00024646730200460074,American,Male
Joan Albert,3,0.00024646730200460074,American,Female
Curt Richter,3,0.00024646730200460074,American,Male
Maurice Tabard,3,0.00024646730200460074,French,Male
Erich Hartmann,3,0.00024646730200460074,American,Male
Thomas F. Barrow,3,0.00024646730200460074,American,Male
Deborah Fleming Caffery,3,0.00024646730200460074,American,Female
Mercer,3,0.00024646730200460074,British,Male
Christian Schad,3,0.00024646730200460074,German,Male
Karl Struss,3,0.00024646730200460074,American,Male
Thomas Bamberger,3,0.00024646730200460074,American,Male
Yoram Lehman,3,0.00024646730200460074,Israeli,Male
Hiroshi Sugimoto,3,0.00024646730200460074,Japanese,Male
Orrin Wightman,3,0.00024646730200460074,American,Male
Syl Labrot,3,0.00024646730200460074,American,Male
"Bernd Becher, Hilla Becher",3,0.00024646730200460074,German,Other
E. Durand,3,0.00024646730200460074,French,Other
William Stephen Sutton,3,0.00024646730200460074,American,Male
Nancy Hellebrand,3,0.00024646730200460074,American,Female
John Edward Devine,3,0.00024646730200460074,American,Male
Sandy Hume,3,0.00024646730200460074,American,Male
René Burri,3,0.00024646730200460074,Swiss,Male
Umbo (Otto Umbehr),3,0.00024646730200460074,German,Male
György Kepes,3,0.00024646730200460074,American,Male
Werner Bischof,3,0.00024646730200460074,Swiss,Male
Anne Marie Fishbein,3,0.00024646730200460074,American,Female
Ralph Steiner,3,0.00024646730200460074,American,Male
Suzanne R. Dworsky,3,0.00024646730200460074,American,Female
Eugène Cuvelier,3,0.00024646730200460074,French,Male
Édouard Boubat,3,0.00024646730200460074,French,Male
William Preston Mayfield,3,0.00024646730200460074,American,Male
William Maguire,3,0.00024646730200460074,American,Male
Shelly Rusten,2,0.00016431153466973383,American,Male
Gundula Schulze-Eldowy,2,0.00016431153466973383,German,Female
Joseph Bartscherer,2,0.00016431153466973383,American,Male
Chuck Close,2,0.00016431153466973383,American,Male
Dana Salvo,2,0.00016431153466973383,American,Male
Wendy MacNeil,2,0.00016431153466973383,American,Female
Patricia Jon Carroll,2,0.00016431153466973383,American,Female
Paul Jeuffrain,2,0.00016431153466973383,French,Male
David Prifti,2,0.00016431153466973383,American,Male
Ira Martin,2,0.00016431153466973383,American,Male
Kō Yanome,2,0.00016431153466973383,Japanese,Male
Wolf von dem Bussche,2,0.00016431153466973383,American,Male
Martine Barrat,2,0.00016431153466973383,French,Female
Richard Misrach,2,0.00016431153466973383,American,Male
Amy Arbus,2,0.00016431153466973383,American,Female
Christopher Bucklow,2,0.00016431153466973383,British,Male
Richard Artschwager,2,0.00016431153466973383,American,Male
Richard S. De Lamater,2,0.00016431153466973383,American,Male
Douglas Baz,2,0.00016431153466973383,American,Male
Allen Ginsberg,2,0.00016431153466973383,American,Male
Jitka Hanzlová,2,0.00016431153466973383,Czech,Female
Gale,2,0.00016431153466973383,American,Other
Gotthard Schuh,2,0.00016431153466973383,Swiss,Male
Judith Black,2,0.00016431153466973383,American,Female
Louis De Clercq,2,0.00016431153466973383,French,Male
Joel Leivick,2,0.00016431153466973383,American,Male
Alfred Eisenstaedt,2,0.00016431153466973383,American,Male
Robert Bononno,2,0.00016431153466973383,American,Male
Shomei Tomatsu,2,0.00016431153466973383,Japanese,Male
David Goldes,2,0.00016431153466973383,American,Male
Nell Dorr,2,0.00016431153466973383,American,Female
Jeffrey Wolin,2,0.00016431153466973383,American,Male
Bertien van Manen,2,0.00016431153466973383,Dutch,Female
Herman Emmet,2,0.00016431153466973383,American,Male
Francis Edmund Currey,2,0.00016431153466973383,British,Male
Douglas Sandhage,2,0.00016431153466973383,American,Male
Ono Takahiro,2,0.00016431153466973383,Japanese,Male
Jack Delano,2,0.00016431153466973383,American,Male
Eugene Omar Goldbeck,2,0.00016431153466973383,American,Male
William B. Suttle,2,0.00016431153466973383,American,Male
Dennis Farber,2,0.00016431153466973383,American,Male
John Candelario,2,0.00016431153466973383,American,Male
Neil Winokur,2,0.00016431153466973383,American,Male
Graham Smith,2,0.00016431153466973383,British,Male
Arthur Siegel,2,0.00016431153466973383,American,Male
Louis Lanzano,2,0.00016431153466973383,American,Male
Horace Bristol,2,0.00016431153466973383,American,Male
Gary L. Hallman,2,0.00016431153466973383,American,Male
Anthony Nobile,2,0.00016431153466973383,American,Male
Michaela Allan Murphy,2,0.00016431153466973383,American,Male
Günther Förg,2,0.00016431153466973383,German,Male
Dennis Hearne,2,0.00016431153466973383,American,Male
Mark Goodman,2,0.00016431153466973383,American,Male
Jo Ann Walters,2,0.00016431153466973383,American,Female
Germaine Krull,2,0.00016431153466973383,Dutch,Female
Hiroshi Hamaya,2,0.00016431153466973383,Japanese,Male
Jeffrey Scales,2,0.00016431153466973383,American,Male
Gene Kennedy,2,0.00016431153466973383,American,Male
Bastienne Schmidt,2,0.00016431153466973383,German,Male
Markéta Luskacová,2,0.00016431153466973383,Czech,Female
John William Carnell,2,0.00016431153466973383,American,Male
Adam Clark Vroman,2,0.00016431153466973383,American,Male
Jay King,2,0.00016431153466973383,American,Male
Timothy Greenfield-Sanders,2,0.00016431153466973383,American,Male
Izis,2,0.00016431153466973383,French,Male
Bruno Zehnder,2,0.00016431153466973383,Swiss,Male
Julio Mitchel,2,0.00016431153466973383,Cuban,Male
Brian Rose,2,0.00016431153466973383,American,Male
Charles H. Currier,2,0.00016431153466973383,American,Male
Patrick D. Pagnano,2,0.00016431153466973383,American,Male
Gen Otsuka,2,0.00016431153466973383,Japanese,Male
Achille Quinet,2,0.00016431153466973383,French,Male
Kenneth Snelson,2,0.00016431153466973383,American,Male
"Bernhard Blume, Anna Blume",2,0.00016431153466973383,German,Other
William Grigsby,2,0.00016431153466973383,American,Male
Robert Rauschenberg,2,0.00016431153466973383,American,Male
John A. Davies,2,0.00016431153466973383,British,Male
Eberhard Grames,2,0.00016431153466973383,German,Male
Ferry's Art Gallery,2,0.00016431153466973383,American,Other
"Gabriele Nothhelfer, Helmut Nothhelfer",2,0.00016431153466973383,German,Other
Marilyn Bridges,2,0.00016431153466973383,American,Female
Grant Mudford,2,0.00016431153466973383,Australian,Male
Wojciech Prazmowski,2,0.00016431153466973383,Polish,Male
Shozo Kitadai,2,0.00016431153466973383,Japanese,Male
Terry Evans,2,0.00016431153466973383,American,Female
Ihei Kimura,2,0.00016431153466973383,Japanese,Male
John Ross,2,0.00016431153466973383,American,Male
Eugene Maunoury,2,0.00016431153466973383,French,Other
Madoka Takagi,2,0.00016431153466973383,Japanese,Female
Mario Carrieri,2,0.00016431153466973383,Italian,Male
Dagron & Cie.,2,0.00016431153466973383,French,Other
Jan Staller,2,0.00016431153466973383,American,Male
Marie Cosindas,2,0.00016431153466973383,American,Female
Peter Brown,2,0.00016431153466973383,American,Male
Hilaire-Germain-Edgar Degas,2,0.00016431153466973383,French,Male
Geoffrey James,2,0.00016431153466973383,Canadian,Male
Alphonse Liébert,2,0.00016431153466973383,French,Male
William H. Rau,2,0.00016431153466973383,American,Male
Herbert Bayer,2,0.00016431153466973383,American,Male
Priscilla T. Forthman,2,0.00016431153466973383,American,Female
M. Berthaud,2,0.00016431153466973383,French,Male
Adam Bartos,2,0.00016431153466973383,American,Male
David Hare,2,0.00016431153466973383,American,Male
Ed Grazda,2,0.00016431153466973383,American,Male
Edwin Hale Lincoln,2,0.00016431153466973383,American,Male
Miro Svolik,2,0.00016431153466973383,Czech,Male
Jon T. O'Neal,2,0.00016431153466973383,American,Male
Hein Gravenhorst,2,0.00016431153466973383,German,Male
Earl Iversen,2,0.00016431153466973383,American,Male
Chris Schiavo,2,0.00016431153466973383,American,Male
Bertall & Cie.,2,0.00016431153466973383,French,Other
David Seltzer,2,0.00016431153466973383,American,Male
Arkadii Shaikhet,2,0.00016431153466973383,Russian,Male
James Mudd,2,0.00016431153466973383,British,Male
J. Gurney,2,0.00016431153466973383,American,Male
Louise Lawler,2,0.00016431153466973383,American,Female
Sebastian Rodriguez,2,0.00016431153466973383,Peruvian,Male
Carrie Mae Weems,2,0.00016431153466973383,American,Female
Horst P. Horst,2,0.00016431153466973383,American,Male
Wayne Gravning,2,0.00016431153466973383,American,Male
Fritz Goro,2,0.00016431153466973383,American,Male
Louis Stettner,2,0.00016431153466973383,American,Male
Linnaeus Tripe,2,0.00016431153466973383,British,Male
Various Artists,2,0.00016431153466973383,Nationality unknown,Other
Various Artists,2,0.00016431153466973383,Russian,Other
Various Artists,2,0.00016431153466973383,n/a,Other
Chargesheimer (Karl-Heinz Hargesheimer),2,0.00016431153466973383,German,Male
Jim Stone,2,0.00016431153466973383,American,Male
Samuel Bourne,2,0.00016431153466973383,British,Male
Lynn Davis,2,0.00016431153466973383,American,Female
Sylvia Wolf,2,0.00016431153466973383,American,Female
Dudley Lee,2,0.00016431153466973383,American,Male
Shimon Attie,2,0.00016431153466973383,American,Male
Carl Mydans,2,0.00016431153466973383,American,Male
Braun et Compagnie,2,0.00016431153466973383,French,Male
Jorge Ribalta,2,0.00016431153466973383,Spanish,Male
Dieter Appelt,2,0.00016431153466973383,German,Male
Timothy O'Sullivan,2,0.00016431153466973383,American,Male
Christian Belpaire,2,0.00016431153466973383,Congolese,Male
Per Maning,2,0.00016431153466973383,Norwegian,Male
Genevieve Naylor,2,0.00016431153466973383,American,Female
Faurest Davis,2,0.00016431153466973383,American,Male
Rick Dingus,2,0.00016431153466973383,American,Male
Louis-Émile Durandelle,2,0.00016431153466973383,French,Male
David Hockney,2,0.00016431153466973383,British,Male
Mary Kocol,2,0.00016431153466973383,American,Female
Lotte Jacobi,2,0.00016431153466973383,American,Female
Edwin Locke,2,0.00016431153466973383,American,Male
Theodor Jung,2,0.00016431153466973383,American,Male
Clara E. Sipprell,2,0.00016431153466973383,American,Female
Kiki Smith,2,0.00016431153466973383,American,Female
Charles Marville,2,0.00016431153466973383,French,Male
Ed Feingersh,2,0.00016431153466973383,American,Male
George N. Barnard,2,0.00016431153466973383,American,Male
"Auguste-Rosalie Bisson, Louis-Auguste Bisson",2,0.00016431153466973383,French,Male
Carleton E. Watkins,2,0.00016431153466973383,American,Male
Jo Ann Callis,2,0.00016431153466973383,American,Female
Sol Libsohn,2,0.00016431153466973383,American,Male
William R. Current,2,0.00016431153466973383,American,Male
Michael A. Smith,2,0.00016431153466973383,American,Male
Josef Albers,2,0.00016431153466973383,American,Male
Jim Bengston,2,0.00016431153466973383,American,Male
James Casebere,2,0.00016431153466973383,American,Male
Raphael Goldchain,2,0.00016431153466973383,Canadian,Male
Wayne Sorce,2,0.00016431153466973383,American,Male
Koyo Okada,2,0.00016431153466973383,Japanese,Male
Steve Szabo,2,0.00016431153466973383,American,Male
Milton Rogovin,2,0.00016431153466973383,American,Male
Jerry Dantzic,2,0.00016431153466973383,American,Male
Eric P. Renner,2,0.00016431153466973383,American,Male
Howardena Pindell,1,8.215576733486691e-05,American,Female
Colleen Frances Kenyon,1,8.215576733486691e-05,American,Female
Marc Wise,1,8.215576733486691e-05,American,Male
Ernest Lawton (?),1,8.215576733486691e-05,British,Male
Yoshio Suzuki,1,8.215576733486691e-05,Japanese,Male
Tsune Sugimura,1,8.215576733486691e-05,Japanese,Male
Charles Boily,1,8.215576733486691e-05,French,Male
Colin Murray,1,8.215576733486691e-05,British,Male
James Sinclair (14th Earl of Caithness),1,8.215576733486691e-05,British,Male
William England,1,8.215576733486691e-05,British,Male
Abraham Shterenberg,1,8.215576733486691e-05,Russian,Male
Herbert B. Nichols,1,8.215576733486691e-05,American,Male
Alphonse Le Blondel,1,8.215576733486691e-05,French,Male
"Harold Eugene Edgerton, Herbert E. Grier, Kenneth J. Germeshausen",1,8.215576733486691e-05,American,Male
Jean Locey,1,8.215576733486691e-05,American,Female
John Claude White,1,8.215576733486691e-05,British,Male
Denis Masi,1,8.215576733486691e-05,American,Male
William E. Macnaughtan,1,8.215576733486691e-05,American,Male
Martin Munkacsi,1,8.215576733486691e-05,American,Male
Richard Kahn,1,8.215576733486691e-05,American,Male
"Robert Gober, Christopher Wool",1,8.215576733486691e-05,American,Male
Robert Mottar,1,8.215576733486691e-05,American,Male
"Cindy Sherman, Richard Prince",1,8.215576733486691e-05,American,Other
"Étienne-Jules Marey, Georges Demeny",1,8.215576733486691e-05,French,Male
François Aubert,1,8.215576733486691e-05,French,Male
Connie Imboden,1,8.215576733486691e-05,American,Female
Obikawa Seijiro,1,8.215576733486691e-05,n/a,Other
Tranquillo Casiraghi,1,8.215576733486691e-05,Italian,Male
John Miller,1,8.215576733486691e-05,American,Male
Wijnanda Deroo,1,8.215576733486691e-05,Dutch,Female
Lewis deSoto,1,8.215576733486691e-05,Native American,Male
Karen Klugman,1,8.215576733486691e-05,American,Female
Linda Connor,1,8.215576733486691e-05,American,Female
Yayoi Kusama,1,8.215576733486691e-05,Japanese,Female
Carlo Cisventi,1,8.215576733486691e-05,Italian,Male
Gilles-Louis Chrétien,1,8.215576733486691e-05,French,Male
Dan Graham,1,8.215576733486691e-05,American,Male
Hugo Erfurth,1,8.215576733486691e-05,German,Male
Jeffrey Blake,1,8.215576733486691e-05,American,Male
Hakuyou Seki,1,8.215576733486691e-05,Japanese,Male
Mary Peck,1,8.215576733486691e-05,American,Female
Robert Gober,1,8.215576733486691e-05,American,Male
David Stephenson,1,8.215576733486691e-05,American,Male
Stephen Lynn Berens,1,8.215576733486691e-05,American,Male
Kinsuke Shimada,1,8.215576733486691e-05,Japanese,Male
P. A. Miller,1,8.215576733486691e-05,American,Other
Hugh W. Diamond,1,8.215576733486691e-05,British,Male
Blythe Bohnen,1,8.215576733486691e-05,American,Female
William Henry Pigou,1,8.215576733486691e-05,British,Male
Walter Rosenblum,1,8.215576733486691e-05,American,Male
Charles Thurston Thompson,1,8.215576733486691e-05,British,Male
Melissa Ann Pinney,1,8.215576733486691e-05,American,Female
Len Gittleman,1,8.215576733486691e-05,American,Male
Yukichi Watabe,1,8.215576733486691e-05,Japanese,Male
Lorie Novak,1,8.215576733486691e-05,American,Female
Saul Leiter,1,8.215576733486691e-05,American,Male
Floris M. Neusüss,1,8.215576733486691e-05,German,Male
Vilem Kriz,1,8.215576733486691e-05,American,Male
Sage Sohier,1,8.215576733486691e-05,American,Female
Adam Bujak,1,8.215576733486691e-05,Polish,Male
Yousuf Karsh,1,8.215576733486691e-05,Canadian,Male
Anthony Hernandez,1,8.215576733486691e-05,American,Male
Consuelo Kanaga,1,8.215576733486691e-05,American,Female
Hally Pancer,1,8.215576733486691e-05,American,Female
Chuji Yasui,1,8.215576733486691e-05,Japanese,Male
Declan Haun,1,8.215576733486691e-05,American,Male
George Zimbel,1,8.215576733486691e-05,Canadian,Male
Chuji Yao,1,8.215576733486691e-05,Japanese,Male
Hiroji Yamada,1,8.215576733486691e-05,Japanese,Male
Mehemed Fehmy Agha,1,8.215576733486691e-05,American,Male
Charles Harbutt,1,8.215576733486691e-05,American,Male
Steven E. Nestler,1,8.215576733486691e-05,American,Male
Solomon D. Butcher,1,8.215576733486691e-05,American,Male
Maude Schuyler Clay,1,8.215576733486691e-05,American,Female
Shoji Ueda,1,8.215576733486691e-05,Japanese,Male
Carl Martin,1,8.215576733486691e-05,American,Male
Matthias Hoch,1,8.215576733486691e-05,German,Male
Ronald R. Geibert,1,8.215576733486691e-05,American,Male
Dag Alveng,1,8.215576733486691e-05,Norwegian,Male
Tosh Matsumoto,1,8.215576733486691e-05,American,Male
Walter A. Peterhans,1,8.215576733486691e-05,American,Male
Ellen Brooks,1,8.215576733486691e-05,American,Female
Shelby Lee Adams,1,8.215576733486691e-05,American,Male
Nic Nicosia,1,8.215576733486691e-05,American,Male
Kenji Tadamoto,1,8.215576733486691e-05,Japanese,Male
Louis-Rémy Robert,1,8.215576733486691e-05,French,Male
Alexander Liberman,1,8.215576733486691e-05,American,Male
Bedrich Grunzweig,1,8.215576733486691e-05,American,Male
Chansonetta Stanley Emmons,1,8.215576733486691e-05,American,Female
Tokutaro Tanaka,1,8.215576733486691e-05,Japanese,Male
Herman Schervee,1,8.215576733486691e-05,Norwegian,Male
Patrick Bailly-Maitre-Grand,1,8.215576733486691e-05,French,Male
Tad Yamashiro,1,8.215576733486691e-05,American,Male
Gabrielle Russomagno,1,8.215576733486691e-05,American,Female
"Joan Fontcuberta, Pere Formiguera",1,8.215576733486691e-05,Spanish,Male
Hajime Tsuchisaki,1,8.215576733486691e-05,Japanese,Male
Richard Prince,1,8.215576733486691e-05,American,Male
Stephan Erfurt,1,8.215576733486691e-05,German,Male
"Louis Rousseau, Jacques-Philippe Potteau",1,8.215576733486691e-05,French,Male
Farrell Grehan,1,8.215576733486691e-05,American,Male
Fallon Horne,1,8.215576733486691e-05,British,Male
Dawoud Bey,1,8.215576733486691e-05,American,Male
Hollis Frampton,1,8.215576733486691e-05,American,Male
David Seymour,1,8.215576733486691e-05,American,Male
Tim Kantor,1,8.215576733486691e-05,American,Male
John Pinderhughes,1,8.215576733486691e-05,American,Male
G. E. Kidder Smith,1,8.215576733486691e-05,American,Male
Susan Barron,1,8.215576733486691e-05,American,Female
John Wood,1,8.215576733486691e-05,American,Male
Harry Allen,1,8.215576733486691e-05,American,Male
David Freund,1,8.215576733486691e-05,American,Male
Nathan George Horwitt,1,8.215576733486691e-05,American,Male
Stephen Perrin,1,8.215576733486691e-05,American,Male
Ruth Bernhard,1,8.215576733486691e-05,American,Female
Tom Arndt,1,8.215576733486691e-05,American,Male
Martin Schneider,1,8.215576733486691e-05,American,Male
Eric Paddock,1,8.215576733486691e-05,American,Male
A. E. Gallatin,1,8.215576733486691e-05,American,Male
Antoine-Francois-Jean Claudet,1,8.215576733486691e-05,French,Male
Bruce Conner,1,8.215576733486691e-05,American,Male
Leslie Starobin,1,8.215576733486691e-05,American,Female
Louis Rousseau,1,8.215576733486691e-05,French,Male
Sandra Semchuk,1,8.215576733486691e-05,Canadian,Female
Wes Disney,1,8.215576733486691e-05,American,Male
Marion Palfi,1,8.215576733486691e-05,American,Female
Arnold Crane,1,8.215576733486691e-05,American,Male
Henry Peach Robinson,1,8.215576733486691e-05,British,Male
Pauline Riffaut,1,8.215576733486691e-05,French,Female
John E. Mullin,1,8.215576733486691e-05,American,Male
Gordon Matta-Clark,1,8.215576733486691e-05,American,Male
Thomas Ruff,1,8.215576733486691e-05,German,Male
William H. Bell,1,8.215576733486691e-05,American,Male
Jeanne Dunning,1,8.215576733486691e-05,American,Female
Margrethe Mather,1,8.215576733486691e-05,American,Female
Raoul Hausmann,1,8.215576733486691e-05,German,Male
Carl Pope,1,8.215576733486691e-05,American,Male
Barbara Crane,1,8.215576733486691e-05,American,Female
Don Ornitz,1,8.215576733486691e-05,American,Male
William Warnecke,1,8.215576733486691e-05,American,Male
David Deahl,1,8.215576733486691e-05,American,Male
John McWilliams,1,8.215576733486691e-05,American,Male
A. Foncelle,1,8.215576733486691e-05,French,Male
Lucia Moholy,1,8.215576733486691e-05,British,Female
Charles Krutch,1,8.215576733486691e-05,American,Male
Alexander Alland,1,8.215576733486691e-05,American,Male
"Gary Metz, John Moore",1,8.215576733486691e-05,American,Male
James Van Der Zee,1,8.215576733486691e-05,American,Male
Edward Cheney,1,8.215576733486691e-05,British,Male
Mariana Cook,1,8.215576733486691e-05,American,Female
J. Pascal Sébah,1,8.215576733486691e-05,Turkish,Male
Paul Citroen,1,8.215576733486691e-05,Dutch,Male
John Gutmann,1,8.215576733486691e-05,American,Male
Caldecot Chubb,1,8.215576733486691e-05,American,Male
Captain William de Wiveleslie Abney,1,8.215576733486691e-05,British,Male
Helmar Lerski,1,8.215576733486691e-05,Swiss,Male
Glenn Rudolph,1,8.215576733486691e-05,American,Male
Michael Ciavolino,1,8.215576733486691e-05,American,Male
Martha Rosler,1,8.215576733486691e-05,American,Female
William L. Tolan,1,8.215576733486691e-05,American,Male
Tom Drahos,1,8.215576733486691e-05,Czech,Male
Trude Fleischmann,1,8.215576733486691e-05,American,Female
José Gabriel Gonzáles,1,8.215576733486691e-05,Peruvian,Male
Dwain Faubion,1,8.215576733486691e-05,American,Male
Sally Mann,1,8.215576733486691e-05,American,Female
Paul Carter,1,8.215576733486691e-05,American,Male
Rudolf Bonvie,1,8.215576733486691e-05,German,Male
Patricia Dalzell,1,8.215576733486691e-05,American,Female
Joe Steinmetz,1,8.215576733486691e-05,American,Male
Dora Maar,1,8.215576733486691e-05,French,Female
Roger Vail,1,8.215576733486691e-05,American,Male
Carl Chiarenza,1,8.215576733486691e-05,American,Male
Gordon Coster,1,8.215576733486691e-05,American,Male
Arthur Wesley Dow,1,8.215576733486691e-05,American,Male
Christopher Giglio,1,8.215576733486691e-05,American,Male
Tim Gidal,1,8.215576733486691e-05,German,Male
Léon Gérard,1,8.215576733486691e-05,French,Male
James Dow,1,8.215576733486691e-05,American,Male
Bill Burke,1,8.215576733486691e-05,American,Male
Auguste Adolphe Bertsch,1,8.215576733486691e-05,French,Male
Paul Grotz,1,8.215576733486691e-05,American,Male
Gerhard Rühm,1,8.215576733486691e-05,Austrian,Male
British War Office,1,8.215576733486691e-05,n/a,Other
Ernest Knee,1,8.215576733486691e-05,American,Male
Felix Bonfils,1,8.215576733486691e-05,French,Male
Jed Robert Fielding,1,8.215576733486691e-05,American,Male
Marc Allégret,1,8.215576733486691e-05,French,Male
Richard Harrington,1,8.215576733486691e-05,Canadian,Male
G. B. Gething,1,8.215576733486691e-05,British,Other
Maull and Polyblank,1,8.215576733486691e-05,British,Other
Markus Hawlik,1,8.215576733486691e-05,German,Male
Ken Miller,1,8.215576733486691e-05,American,Male
August Kreyenkamp,1,8.215576733486691e-05,German,Male
Yoichi R. Okamoto,1,8.215576733486691e-05,American,Male
Claude-Joseph-Désiré Charnay,1,8.215576733486691e-05,French,Male
Barbara Kasten,1,8.215576733486691e-05,American,Female
H. Scott Orr,1,8.215576733486691e-05,British,Male
Étienne-Jules Marey,1,8.215576733486691e-05,French,Male
Nicholas Africano,1,8.215576733486691e-05,American,Male
Rolf Petersen,1,8.215576733486691e-05,German,Male
Robert Mahon,1,8.215576733486691e-05,American,Male
Edme Quenedey,1,8.215576733486691e-05,French,Male
Constantine Manos,1,8.215576733486691e-05,Greek,Male
Louise Dahl-Wolfe,1,8.215576733486691e-05,American,Female
Kevin Bubriski,1,8.215576733486691e-05,American,Male
Barbara Norfleet,1,8.215576733486691e-05,American,Female
Valdir Cruz,1,8.215576733486691e-05,Brazilian,Male
Olympe Aguado de las Marismas,1,8.215576733486691e-05,French,Male
William Vandivert,1,8.215576733486691e-05,American,Male
Vivian Cherry,1,8.215576733486691e-05,American,Female
Stanley T. Clough,1,8.215576733486691e-05,American,Male
Bea Nettles,1,8.215576733486691e-05,American,Female
Mieczyslaw Berman,1,8.215576733486691e-05,Polish,Male
Maria Martinez-Cañas,1,8.215576733486691e-05,Cuban,Female
Peter Henry Emerson,1,8.215576733486691e-05,British,Male
Accra Shepp,1,8.215576733486691e-05,American,Male
Max Burchartz,1,8.215576733486691e-05,German,Male
Kenneth J. Botto,1,8.215576733486691e-05,American,Male
Alexander Gardner,1,8.215576733486691e-05,American,Male
Maureen Bisilliat,1,8.215576733486691e-05,American,Female
Alfred A. Hart,1,8.215576733486691e-05,American,Male
Leopoldo and Guiseppe Alinari,1,8.215576733486691e-05,Italian,Other
Douglas Blau,1,8.215576733486691e-05,American,Male
Barbara Blondeau,1,8.215576733486691e-05,American,Female
Clifton Johnson,1,8.215576733486691e-05,American,Male
James Craig Annan,1,8.215576733486691e-05,British,Male
"Guillaume-Benjamin-Armand Duchenne de Boulogne, Adrien Tournachon",1,8.215576733486691e-05,French,Male
Frank Hurley,1,8.215576733486691e-05,Australian,Male
Michael Schmidt,1,8.215576733486691e-05,German,Male
El Lissitzky,1,8.215576733486691e-05,Russian,Male
W.H.L. Skeen and Company,1,8.215576733486691e-05,British,Other
Grosset & Trembley,1,8.215576733486691e-05,Swiss,Other
"Clarence H. White, Alfred Stieglitz",1,8.215576733486691e-05,American,Male
Jules Deplanque,1,8.215576733486691e-05,French,Male
Georges Mathurin Lege,1,8.215576733486691e-05,French,Male
Erwin Hanfstaengl,1,8.215576733486691e-05,German,Male
Yevgeny Khaldei,1,8.215576733486691e-05,Russian,Male
Charles Schenk,1,8.215576733486691e-05,American,Male
Drahomir Joseph Ruzicka,1,8.215576733486691e-05,American,Male
Georgy Khomzor,1,8.215576733486691e-05,Russian,Male
Sherril Schell,1,8.215576733486691e-05,American,Male
E. Thiebault,1,8.215576733486691e-05,French,Male
Saint-Edme,1,8.215576733486691e-05,French,Male
Victor Schrager,1,8.215576733486691e-05,American,Male
Sandi Fellman,1,8.215576733486691e-05,American,Female
Rudolf Schwarzkogler,1,8.215576733486691e-05,Austrian,Male
Art Sinsabaugh,1,8.215576733486691e-05,American,Male
Mike Smith,1,8.215576733486691e-05,American,Male
Jock Sturges,1,8.215576733486691e-05,American,Male
"William Henry Fox Talbot, Calvert Richard Jones",1,8.215576733486691e-05,British,Male
Ivan Shagin,1,8.215576733486691e-05,Russian,Male
Thomas Sicurella,1,8.215576733486691e-05,American,Male
C.N. and Company,1,8.215576733486691e-05,British,Other
A. F. Sherman,1,8.215576733486691e-05,American,Male
Carlo Ponti,1,8.215576733486691e-05,Italian,Male
Edmund Teske,1,8.215576733486691e-05,American,Male
Arkadii Shishkin,1,8.215576733486691e-05,Russian,Male
Sergei Gitman,1,8.215576733486691e-05,Russian,Male
Alen MacWeeney,1,8.215576733486691e-05,American,Male
Anne Noggle,1,8.215576733486691e-05,American,Female
Anatolli Skurikhin,1,8.215576733486691e-05,Russian,Male
Semyon Fridlyand,1,8.215576733486691e-05,Russian,Male
Photographie Modèle,1,8.215576733486691e-05,French,Other
Georg Koppmann,1,8.215576733486691e-05,German,Male
Loescher & Petsch,1,8.215576733486691e-05,German,Other
Théophile Jaquen,1,8.215576733486691e-05,French,Male
Gregory Crewdson,1,8.215576733486691e-05,American,Male
"Ralph Bartholomew, Jr.",1,8.215576733486691e-05,American,Male
Stephen Livick,1,8.215576733486691e-05,Canadian,Male
Herbert Matter,1,8.215576733486691e-05,American,Male
Roger Mayne,1,8.215576733486691e-05,British,Male
James Abbe,1,8.215576733486691e-05,American,Male
Katharina Bosse,1,8.215576733486691e-05,German,Female
Leonard McCombe,1,8.215576733486691e-05,American,Male
R. H. Vance,1,8.215576733486691e-05,American,Male
Gregory Spaid,1,8.215576733486691e-05,American,Male
Hugo Summerville,1,8.215576733486691e-05,American,Male
Roger Parry,1,8.215576733486691e-05,French,Male
"Yves Klein, Harry Shunk, János Kender",1,8.215576733486691e-05,French,Male
Starr Ockenga,1,8.215576733486691e-05,American,Female
Lege & Bergeron,1,8.215576733486691e-05,French,Other
Oscar G. Rejlander,1,8.215576733486691e-05,British,Male
Linda White,1,8.215576733486691e-05,American,Female
F. Armbruster,1,8.215576733486691e-05,French,Male
Frédéric Boissonnas,1,8.215576733486691e-05,Swiss,Male
Otto & Fiere,1,8.215576733486691e-05,French,Other
Bacard Fils,1,8.215576733486691e-05,French,Male
Ludwig Angerer,1,8.215576733486691e-05,Austrian,Male
L. Crenuere & Cie.,1,8.215576733486691e-05,French,Other
P. Petersen,1,8.215576733486691e-05,Norwegian,Other
W. & D. Downey,1,8.215576733486691e-05,British,Male
Charles Ray,1,8.215576733486691e-05,American,Male
"Harry W. Batz, Jr.",1,8.215576733486691e-05,American,Male
A. Graves & Cie.,1,8.215576733486691e-05,French,Other
Hideoki Hagiwara,1,8.215576733486691e-05,Japanese,Male
America Sanchez,1,8.215576733486691e-05,Spanish,Female
Rossella Bellusci,1,8.215576733486691e-05,Italian,Female
Clements,1,8.215576733486691e-05,American,Male
Jaroslav Rössler,1,8.215576733486691e-05,Czech,Male
Jessie Tarbox Beals,1,8.215576733486691e-05,American,Female
Anthony Barboza,1,8.215576733486691e-05,American,Male
Victor Skrebneski,1,8.215576733486691e-05,American,Male
Charles Eames,1,8.215576733486691e-05,American,Male
Isaiah West Taber,1,8.215576733486691e-05,American,Male
Robert S. Redfield,1,8.215576733486691e-05,American,Male
Mary Ann Dorr,1,8.215576733486691e-05,American,Female
Robert Schneider,1,8.215576733486691e-05,American,Male
Paul Petricone,1,8.215576733486691e-05,American,Male
Robert Glenn Ketchum,1,8.215576733486691e-05,American,Male
Irene Poon,1,8.215576733486691e-05,American,Female
Howard Dearstyne,1,8.215576733486691e-05,American,Male
Underwood and Underwood,1,8.215576733486691e-05,American,Other
Will Hiroshi Oda,1,8.215576733486691e-05,American,Male
James Edward Davis,1,8.215576733486691e-05,American,Male
John Nagel,1,8.215576733486691e-05,American,Male
Toni Schneiders,1,8.215576733486691e-05,German,Male
Kristen Corinne Masri,1,8.215576733486691e-05,American,Female
Charles Damiano,1,8.215576733486691e-05,British,Male
Greg MacGregor,1,8.215576733486691e-05,American,Male
George J. Fenwick,1,8.215576733486691e-05,British,Male
Hans Levi,1,8.215576733486691e-05,American,Male
John F. Waggaman,1,8.215576733486691e-05,American,Male
Ann Parker,1,8.215576733486691e-05,American,Female
Konrad Cramer,1,8.215576733486691e-05,American,Male
Teresa Zabala,1,8.215576733486691e-05,American,Female
Don Wight,1,8.215576733486691e-05,American,Male
Arthur Freed,1,8.215576733486691e-05,American,Male
"Anna Blume, Bernhard Blume",1,8.215576733486691e-05,German,Other
Tommaso Cuccioni,1,8.215576733486691e-05,Italian,Male
Marvin E. Newman,1,8.215576733486691e-05,American,Male
Léon Vidal,1,8.215576733486691e-05,French,Male
Aleksandr Ustinov,1,8.215576733486691e-05,Russian,Male
Mikal Baker,1,8.215576733486691e-05,American,Male
Vik Muniz,1,8.215576733486691e-05,Brazilian,Male
Emmanuel Yevzerikhin,1,8.215576733486691e-05,Russian,Male
William Henry Holmes,1,8.215576733486691e-05,American,Male
David Bentley,1,8.215576733486691e-05,American,Male
Martus Granirer,1,8.215576733486691e-05,American,Male
Henri Pribik,1,8.215576733486691e-05,Czech,Male
Frank Jay Haynes,1,8.215576733486691e-05,American,Male
Robert Shaw,1,8.215576733486691e-05,American,Male
Timo Tauno Pajunen,1,8.215576733486691e-05,American,Male
Gérald Incandela,1,8.215576733486691e-05,American,Male
Don Worth,1,8.215576733486691e-05,American,Male
Piet Zwart,1,8.215576733486691e-05,Dutch,Male
Robert Holmgren,1,8.215576733486691e-05,American,Male
Paolo Gioli,1,8.215576733486691e-05,Italian,Male
Charles Hoff,1,8.215576733486691e-05,American,Male
Adam Fuss,1,8.215576733486691e-05,British,Male
Paul Kwilecki,1,8.215576733486691e-05,American,Male
Jaromír Funke,1,8.215576733486691e-05,Czech,Male
Neal White,1,8.215576733486691e-05,American,Male
Jack Welpott,1,8.215576733486691e-05,American,Male
Harold Feinstein,1,8.215576733486691e-05,American,Male
Susan Shaw,1,8.215576733486691e-05,American,Female
Carl Toth,1,8.215576733486691e-05,American,Male
Frank Meadow Sutcliffe,1,8.215576733486691e-05,British,Male
Paul Sparks,1,8.215576733486691e-05,American,Male
Thomaz Farkas,1,8.215576733486691e-05,Brazilian,Male
VALIE EXPORT,1,8.215576733486691e-05,Austrian,Female
Wayne Levin,1,8.215576733486691e-05,American,Male
Mary Miss,1,8.215576733486691e-05,American,Female
Iwata Nakayama,1,8.215576733486691e-05,Japanese,Male
Irving Rusinow,1,8.215576733486691e-05,American,Male
James Anderson,1,8.215576733486691e-05,British,Male
Monika Andersson,1,8.215576733486691e-05,Swedish,Female
Jun Shiraoka,1,8.215576733486691e-05,Japanese,Male
Henry White,1,8.215576733486691e-05,British,Male
Léonard Misonne,1,8.215576733486691e-05,Belgian,Male
Lola Alvarez Bravo,1,8.215576733486691e-05,Mexican,Female
Charles Aubry,1,8.215576733486691e-05,French,Male
Otto Hagel,1,8.215576733486691e-05,American,Male
Eiichiro Katayama,1,8.215576733486691e-05,n/a,Other
Stephen Mindel,1,8.215576733486691e-05,American,Male
Eizi Kanbayashi,1,8.215576733486691e-05,Japanese,Male
Laura Gilpin,1,8.215576733486691e-05,American,Female
Uta Barth,1,8.215576733486691e-05,American,Female
Arthur Leipzig,1,8.215576733486691e-05,American,Male
Barbel Scianghetti,1,8.215576733486691e-05,American,Female
Robert Howlett,1,8.215576733486691e-05,British,Male
Gerd Bonfert,1,8.215576733486691e-05,Romanian,Male
Calvert Richard Jones,1,8.215576733486691e-05,British,Male
Ken Schles,1,8.215576733486691e-05,American,Male
Helen Chadwick,1,8.215576733486691e-05,British,Female
Manfred Willmann,1,8.215576733486691e-05,Austrian,Male
Leland Rice,1,8.215576733486691e-05,American,Male
Shuji Ishii,1,8.215576733486691e-05,Japanese,Male
Michal Rovner,1,8.215576733486691e-05,Israeli,Female
Betty Hahn,1,8.215576733486691e-05,American,Female
Larry Mcpherson,1,8.215576733486691e-05,American,Male
Karl Baden,1,8.215576733486691e-05,American,Male
Hisae Imai,1,8.215576733486691e-05,Japanese,Female
"Clementina, Lady Hawarden",1,8.215576733486691e-05,British,Female
Per Bernsten,1,8.215576733486691e-05,Norwegian,Male
Jerry Berndt,1,8.215576733486691e-05,American,Male
Hatsuo Ikeuchi,1,8.215576733486691e-05,Japanese,Male
René Groebli,1,8.215576733486691e-05,Swiss,Male
"Unidentified photographer, Various Unidentified Artists",1,8.215576733486691e-05,n/a,Other
Caroline Feyt,1,8.215576733486691e-05,French,Female
John Joseph Weiss,1,8.215576733486691e-05,American,Male
Takeo Nagasawa,1,8.215576733486691e-05,Japanese,Male
"Otto Muehl, (Siegfried Klein) Khasaq",1,8.215576733486691e-05,Austrian,Male
Joel-Peter Witkin,1,8.215576733486691e-05,American,Male
Francis Thompson,1,8.215576733486691e-05,American,Male
Masamitsu Moriwaki,1,8.215576733486691e-05,Japanese,Male
Jean Christian Bourcart,1,8.215576733486691e-05,French,Male
Dominique Roman,1,8.215576733486691e-05,French,Male
Akira Miyoshi,1,8.215576733486691e-05,Japanese,Male
Jerry Uelsmann,1,8.215576733486691e-05,American,Male
Félix Teynard,1,8.215576733486691e-05,French,Male
James Leon Williams,1,8.215576733486691e-05,American,Male
Midorikawa Yoichi,1,8.215576733486691e-05,Japanese,Male
Arnold Gassan,1,8.215576733486691e-05,American,Male
Fujio Matsugi,1,8.215576733486691e-05,Japanese,Male
Neil Trager,1,8.215576733486691e-05,American,Male
Bruce Charlesworth,1,8.215576733486691e-05,American,Male
Shoichi Makino,1,8.215576733486691e-05,Japanese,Male
William Rittase,1,8.215576733486691e-05,American,Male
"Stephen R. Fitch, Jim Dine",1,8.215576733486691e-05,American,Male
Oliver Wasow,1,8.215576733486691e-05,American,Male
Suirei Kubota,1,8.215576733486691e-05,Japanese,Other
Catherine Wagner,1,8.215576733486691e-05,American,Female
Eugène Druet,1,8.215576733486691e-05,French,Male
Abigail Perlmutter,1,8.215576733486691e-05,American,Female
Stephen R. Fitch,1,8.215576733486691e-05,American,Male
Jinkichi Koga,1,8.215576733486691e-05,Japanese,Male
Robert Mapplethorpe,1,8.215576733486691e-05,American,Male
Les Krims,1,8.215576733486691e-05,American,Male
Carlo Naya,1,8.215576733486691e-05,Italian,Male
John Timothy Close,1,8.215576733486691e-05,American,Male
Valery Shchekoldin,1,8.215576733486691e-05,Russian,Female
Chikuchi Toshio,1,8.215576733486691e-05,n/a,Other
Eleanor Antin,1,8.215576733486691e-05,American,Female
Tofik Shakhverdiev,1,8.215576733486691e-05,Azerbaijani,Male
Charles Famin,1,8.215576733486691e-05,French,Male
Joseph Dankowski,1,8.215576733486691e-05,American,Male
Tamotsu Arikawa,1,8.215576733486691e-05,Japanese,Male
Michel Szulc Krzyzanowski,1,8.215576733486691e-05,Dutch,Male
Stephen Scheer,1,8.215576733486691e-05,American,Male
Wayne Gudmundson,1,8.215576733486691e-05,American,Male
Morris Engel,1,8.215576733486691e-05,American,Male
Aoki Toshio,1,8.215576733486691e-05,n/a,Other
Franco Zecchin,1,8.215576733486691e-05,Italian,Male
Jay DeFeo,1,8.215576733486691e-05,American,Female
Randall Green,1,8.215576733486691e-05,American,Male
Jan Lukas,1,8.215576733486691e-05,Czech,Male
Leon Cremière,1,8.215576733486691e-05,French,Male
R.J. Waters & Co.,1,8.215576733486691e-05,American,Other
Adolphe Terris,1,8.215576733486691e-05,French,Male
Esther Parada,1,8.215576733486691e-05,American,Female
Toba Tucker,1,8.215576733486691e-05,American,Female
Keith Smith,1,8.215576733486691e-05,American,Male
Giorgio Sommer,1,8.215576733486691e-05,Italian,Male
Lawrence McFarland,1,8.215576733486691e-05,American,Male
Al Lieberman,1,8.215576733486691e-05,American,Male
Hansi Durlach,1,8.215576733486691e-05,American,Female
Lisa Larsen,1,8.215576733486691e-05,American,Female
Joseph Sterling,1,8.215576733486691e-05,American,Male
Hermann Forsterling,1,8.215576733486691e-05,German,Male
John O'Reilly,1,8.215576733486691e-05,American,Male
Richard Alan Fox,1,8.215576733486691e-05,American,Male
Goro Ike,1,8.215576733486691e-05,Japanese,Male
Henri-Victor Regnault,1,8.215576733486691e-05,French,Male
Mark Feldstein,1,8.215576733486691e-05,American,Male
Tony Marciante,1,8.215576733486691e-05,American,Male
Michael Mandel,1,8.215576733486691e-05,American,Male
Rose Mandel,1,8.215576733486691e-05,American,Female
Takeichi Hotta,1,8.215576733486691e-05,Japanese,Male
Georges Hugnet,1,8.215576733486691e-05,French,Male
Robert N. Friedman,1,8.215576733486691e-05,American,Male
Herbert George Ponting,1,8.215576733486691e-05,British,Male
Koyo Hosoi,1,8.215576733486691e-05,Japanese,Male
Hermann Heid,1,8.215576733486691e-05,Austrian,Male
Lucien Aigner,1,8.215576733486691e-05,American,Male
Stephen R. Milanowski,1,8.215576733486691e-05,American,Male
Carolee Schneemann,1,8.215576733486691e-05,American,Female
Larry Stark,1,8.215576733486691e-05,American,Male
Susumu Higuchi,1,8.215576733486691e-05,Japanese,Male
Nikolai Kuleshov,1,8.215576733486691e-05,Russian,Male
Anton Schranz II,1,8.215576733486691e-05,Nationality unknown,Male
H. Y. Sümmons,1,8.215576733486691e-05,American,Male
Penelope Umbrico,1,8.215576733486691e-05,American,Female
An-My Lê,1,8.215576733486691e-05,American,Female
Charles Hagen,1,8.215576733486691e-05,American,Male
John Gossage,1,8.215576733486691e-05,American,Male
Hideji Furukawa,1,8.215576733486691e-05,Japanese,Male
Hakuyo Fuchikami,1,8.215576733486691e-05,Japanese,Male
Dan Budnik,1,8.215576733486691e-05,American,Male
Daniel Ranalli,1,8.215576733486691e-05,American,Male
Frederick H. Evans,1,8.215576733486691e-05,British,Male
Laurie Simmons,1,8.215576733486691e-05,American,Female
Barbara Jaffe,1,8.215576733486691e-05,American,Female
Jacques Lowe,1,8.215576733486691e-05,American,Male
